rollcall,date,far_right_epp_position,report_title
197194,2026-09-17 12:58:21,against,MOTION FOR A RESOLUTION on the recent hybrid attacks and instrumentalisation of migrants in Ceuta and the need for a coordinated response to protect the EU’s external borders
197189,2026-09-17 12:57:43,for,MOTION FOR A RESOLUTION on the recent hybrid attacks and instrumentalisation of migrants in Ceuta and the need for a coordinated response to protect the EU’s external borders
197170,2026-09-17 12:53:22,for,MOTION FOR A RESOLUTION on the recent hybrid attacks and instrumentalisation of migrants in Ceuta and the need for a coordinated response to protect the EU’s external borders
197246,2026-09-17 12:51:34,for,MOTION FOR A RESOLUTION on the recent hybrid attacks and instrumentalisation of migrants in Ceuta and the need for a coordinated response to protect the EU’s external borders
197163,2026-09-17 12:51:18,for,MOTION FOR A RESOLUTION on the recent hybrid attacks and instrumentalisation of migrants in Ceuta and the need for a coordinated response to protect the EU’s external borders
197157,2026-09-17 12:50:41,for,MOTION FOR A RESOLUTION on the recent hybrid attacks and instrumentalisation of migrants in Ceuta and the need for a coordinated response to protect the EU’s external borders
197155,2026-09-17 12:50:18,against,MOTION FOR A RESOLUTION on the recent hybrid attacks and instrumentalisation of migrants in Ceuta and the need for a coordinated response to protect the EU’s external borders
197144,2026-09-17 12:48:29,against,MOTION FOR A RESOLUTION on the recent hybrid attacks and instrumentalisation of migrants in Ceuta and the need for a coordinated response to protect the EU’s external borders
197143,2026-09-17 12:48:13,against,MOTION FOR A RESOLUTION on the recent hybrid attacks and instrumentalisation of migrants in Ceuta and the need for a coordinated response to protect the EU’s external borders
197138,2026-09-17 12:46:59,against,MOTION FOR A RESOLUTION on the recent hybrid attacks and instrumentalisation of migrants in Ceuta and the need for a coordinated response to protect the EU’s external borders
197136,2026-09-17 12:46:25,against,MOTION FOR A RESOLUTION on the recent hybrid attacks and instrumentalisation of migrants in Ceuta and the need for a coordinated response to protect the EU’s external borders
197135,2026-09-17 12:45:59,against,MOTION FOR A RESOLUTION on the recent hybrid attacks and instrumentalisation of migrants in Ceuta and the need for a coordinated response to protect the EU’s external borders
197125,2026-09-17 12:44:11,against,MOTION FOR A RESOLUTION on the recent hybrid attacks and instrumentalisation of migrants in Ceuta and the need for a coordinated response to protect the EU’s external borders
197121,2026-09-17 12:43:46,against,MOTION FOR A RESOLUTION on the recent hybrid attacks and instrumentalisation of migrants in Ceuta and the need for a coordinated response to protect the EU’s external borders
197113,2026-09-17 12:42:09,against,MOTION FOR A RESOLUTION on the recent hybrid attacks and instrumentalisation of migrants in Ceuta and the need for a coordinated response to protect the EU’s external borders
197108,2026-09-17 12:41:31,against,MOTION FOR A RESOLUTION on the recent hybrid attacks and instrumentalisation of migrants in Ceuta and the need for a coordinated response to protect the EU’s external borders
197107,2026-09-17 12:41:16,for,MOTION FOR A RESOLUTION on the recent hybrid attacks and instrumentalisation of migrants in Ceuta and the need for a coordinated response to protect the EU’s external borders
197106,2026-09-17 12:41:02,for,MOTION FOR A RESOLUTION on the recent hybrid attacks and instrumentalisation of migrants in Ceuta and the need for a coordinated response to protect the EU’s external borders
197093,2026-09-17 12:38:02,against,MOTION FOR A RESOLUTION on the recent hybrid attacks and instrumentalisation of migrants in Ceuta and the need for a coordinated response to protect the EU’s external borders
196777,2026-09-17 12:31:23,for,MOTION FOR A RESOLUTION on narco-trafficking in Europe’s waters: protecting our borders and supporting our law enforcement officers
196639,2026-09-16 13:46:51,against,"REPORT on gender inequalities in health, specifically as regards gender-specific conditions"
196599,2026-09-16 13:40:37,against,"REPORT on gender inequalities in health, specifically as regards gender-specific conditions"
196564,2026-09-16 13:35:41,against,"REPORT on gender inequalities in health, specifically as regards gender-specific conditions"
196538,2026-09-16 13:31:30,against,"REPORT on gender inequalities in health, specifically as regards gender-specific conditions"
196499,2026-09-15 12:23:31,against,REPORT on the proposal for a decision of the European Parliament and of the Council amending Decision (EU) 2015/1814 as regards ceasing the invalidation of allowances in the market stability reserve
196260,2026-09-15 12:10:55,for,REPORT on the proposal for a regulation of the European Parliament and of the Council amending Regulation (EU) 2023/956 as regards the extension of its scope to downstream goods and anti-circumvention measures
195770,2026-07-09 12:44:18,for,"MOTION FOR A RESOLUTION on the abduction, forced conversion and child marriage of Maria Shahbaz and the protection of girls in Pakistan"
195767,2026-07-09 12:39:34,against,"MOTION FOR A RESOLUTION on the Threat of War Crimes, the escalating violations of international humanitarian Law and the human Rights Situation in El-Obeid, Sudan"
195760,2026-07-09 12:38:02,against,"MOTION FOR A RESOLUTION on the Threat of War Crimes, the escalating violations of international humanitarian Law and the human Rights Situation in El-Obeid, Sudan"
195758,2026-07-09 12:37:26,against,"MOTION FOR A RESOLUTION on the Threat of War Crimes, the escalating violations of international humanitarian Law and the human Rights Situation in El-Obeid, Sudan"
195636,2026-07-08 12:57:39,against,"MOTION FOR A RESOLUTION on the impact of the Turkish invasion on Cypriot women and girls, and the crimes committed by Turkish forces and consequences on gender equality"
195630,2026-07-08 12:56:26,for,"MOTION FOR A RESOLUTION on the impact of the Turkish invasion on Cypriot women and girls, and the crimes committed by Turkish forces and consequences on gender equality"
195629,2026-07-08 12:56:17,for,"MOTION FOR A RESOLUTION on the impact of the Turkish invasion on Cypriot women and girls, and the crimes committed by Turkish forces and consequences on gender equality"
195361,2026-07-08 12:12:31,for,"MOTION FOR A RESOLUTION on Commission delegated regulation of 10 April 2026 amending Commission Delegated Regulation (EU) 2019/807 to introduce a trajectory to gradually decrease the contribution of high indirect land-use change-risk biofuels, bioliquids and biomass fuels to renewable energy targets"
195207,2026-07-07 12:49:47,against,REPORT on a coherent tax framework for the EU's financial sector
195202,2026-07-07 12:41:39,for,REPORT on the financial activities of the European Investment Bank Group – annual report 2025
195197,2026-07-07 12:39:00,for,REPORT on the financial activities of the European Investment Bank Group – annual report 2025
195336,2026-07-06 17:18:02,against,
194401,2026-06-18 12:25:23,against,MOTION FOR A RESOLUTION on the recruitment of children by organised crime
194461,2026-06-18 12:18:29,for,MOTION FOR A RESOLUTION on the implementation of the Urban Wastewater Treatment Directive (UWWTD) and risks to the security of supply of medicines
194460,2026-06-18 12:18:14,for,MOTION FOR A RESOLUTION on the implementation of the Urban Wastewater Treatment Directive (UWWTD) and risks to the security of supply of medicines
194459,2026-06-18 12:18:04,for,MOTION FOR A RESOLUTION on the implementation of the Urban Wastewater Treatment Directive (UWWTD) and risks to the security of supply of medicines
194458,2026-06-18 12:17:53,for,MOTION FOR A RESOLUTION on the implementation of the Urban Wastewater Treatment Directive (UWWTD) and risks to the security of supply of medicines
194457,2026-06-18 12:17:42,for,MOTION FOR A RESOLUTION on the implementation of the Urban Wastewater Treatment Directive (UWWTD) and risks to the security of supply of medicines
194456,2026-06-18 12:17:16,for,MOTION FOR A RESOLUTION on the implementation of the Urban Wastewater Treatment Directive (UWWTD) and risks to the security of supply of medicines
194455,2026-06-18 12:16:46,for,MOTION FOR A RESOLUTION on the implementation of the Urban Wastewater Treatment Directive (UWWTD) and risks to the security of supply of medicines
194454,2026-06-18 12:16:33,for,MOTION FOR A RESOLUTION on the implementation of the Urban Wastewater Treatment Directive (UWWTD) and risks to the security of supply of medicines
194012,2026-06-17 13:34:29,against,"REPORT on a European Parliament recommendation to the Council, the Commission and the Vice-President of the Commission / High Representative of the Union for Foreign Affairs and Security Policy on promoting transnational governance on water in the interests of conflict prevention and peace"
194010,2026-06-17 13:34:03,against,"REPORT on a European Parliament recommendation to the Council, the Commission and the Vice-President of the Commission / High Representative of the Union for Foreign Affairs and Security Policy on promoting transnational governance on water in the interests of conflict prevention and peace"
193557,2026-06-17 13:01:05,for,REPORT on the proposal for a Council directive amending Directive (EU) 2020/262 as regards the general arrangements for excise duty in respect of tobacco and tobacco related products
194015,2026-06-17 13:00:18,against,REPORT on the proposal for a Council directive amending Directive (EU) 2020/262 as regards the general arrangements for excise duty in respect of tobacco and tobacco related products
194130,2026-06-17 12:58:19,against,REPORT on the proposal for a Council directive on the structure and rates of excise duty applied to tobacco and tobacco related products (recast)
194129,2026-06-17 12:58:05,against,REPORT on the proposal for a Council directive on the structure and rates of excise duty applied to tobacco and tobacco related products (recast)
194135,2026-06-17 12:56:37,for,REPORT on the proposal for a Council directive on the structure and rates of excise duty applied to tobacco and tobacco related products (recast)
194121,2026-06-17 12:55:55,against,REPORT on the proposal for a Council directive on the structure and rates of excise duty applied to tobacco and tobacco related products (recast)
194120,2026-06-17 12:55:38,against,REPORT on the proposal for a Council directive on the structure and rates of excise duty applied to tobacco and tobacco related products (recast)
194119,2026-06-17 12:55:22,against,REPORT on the proposal for a Council directive on the structure and rates of excise duty applied to tobacco and tobacco related products (recast)
194444,2026-06-17 12:50:39,against,"REPORT on the proposal for a regulation of the European Parliament and of the Council establishing a common system for the return of third-country nationals staying illegally in the Union, and repealing Directive 2008/115/EC of the European Parliament and the Council, Council Directive 2001/40/EC and Council Decision 2004/191/EC"
191861,2026-04-30 12:29:39,against,REPORT on Banking Union – annual report 2025
191430,2026-04-29 13:57:45,against,REPORT on the Commission’s 2025 Rule of Law report
191424,2026-04-29 13:56:40,against,REPORT on the Commission’s 2025 Rule of Law report
191404,2026-04-29 13:53:32,for,REPORT on the Commission’s 2025 Rule of Law report
191723,2026-04-29 13:52:24,for,REPORT on the situation of fundamental rights in the European Union in 2024 and 2025
191716,2026-04-29 13:51:26,against,REPORT on the situation of fundamental rights in the European Union in 2024 and 2025
191709,2026-04-29 13:50:31,against,REPORT on the situation of fundamental rights in the European Union in 2024 and 2025
191704,2026-04-29 13:49:49,against,REPORT on the situation of fundamental rights in the European Union in 2024 and 2025
191699,2026-04-29 13:49:05,against,REPORT on the situation of fundamental rights in the European Union in 2024 and 2025
191685,2026-04-29 13:47:14,against,REPORT on the situation of fundamental rights in the European Union in 2024 and 2025
191682,2026-04-29 13:46:54,against,REPORT on the situation of fundamental rights in the European Union in 2024 and 2025
191668,2026-04-29 13:45:09,against,REPORT on the situation of fundamental rights in the European Union in 2024 and 2025
191651,2026-04-29 13:42:44,against,REPORT on the situation of fundamental rights in the European Union in 2024 and 2025
191644,2026-04-29 13:41:39,against,REPORT on the situation of fundamental rights in the European Union in 2024 and 2025
191637,2026-04-29 13:40:32,against,REPORT on the situation of fundamental rights in the European Union in 2024 and 2025
191631,2026-04-29 13:39:42,against,REPORT on the situation of fundamental rights in the European Union in 2024 and 2025
191629,2026-04-29 13:39:20,against,REPORT on the situation of fundamental rights in the European Union in 2024 and 2025
191565,2026-04-29 13:07:51,for,REPORT on discharge in respect of the implementation of the budget of the European Union agencies for the financial year 2024
191437,2026-04-29 12:49:39,for,"REPORT on discharge in respect of the implementation of the general budget of the European Union for the financial year 2024, Section V – Court of Auditors"
191384,2026-04-29 12:41:45,against,"REPORT on discharge in respect of the implementation of the general budget of the European Union for the financial year 2024, Section I – European Parliament"
191379,2026-04-29 12:41:09,against,"REPORT on discharge in respect of the implementation of the general budget of the European Union for the financial year 2024, Section I – European Parliament"
191344,2026-04-29 12:33:40,against,"REPORT on discharge in respect of the implementation of the general budget of the European Union for the financial year 2024, Section I – European Parliament"
191515,2026-04-29 12:26:43,for,"REPORT on discharge in respect of the implementation of the general budget of the European Union for the financial year 2024, Section III – Commission and executive agencies and the ninth, tenth and eleventh European Development Funds"
190263,2026-04-28 13:23:49,against,REPORT on the protection of the European Union’s financial interests – combating fraud – annual report 2024
190247,2026-04-28 13:21:13,against,REPORT on the protection of the European Union’s financial interests – combating fraud – annual report 2024
190239,2026-04-28 13:19:41,against,REPORT on the protection of the European Union’s financial interests – combating fraud – annual report 2024
190236,2026-04-28 13:18:43,against,REPORT on the protection of the European Union’s financial interests – combating fraud – annual report 2024
190223,2026-04-28 13:16:57,against,REPORT on the protection of the European Union’s financial interests – combating fraud – annual report 2024
190330,2026-04-28 13:12:48,against,REPORT on the importance of consent-based rape legislation in the EU
190310,2026-04-28 13:09:52,against,REPORT on the importance of consent-based rape legislation in the EU
190404,2026-04-28 12:54:44,for,REPORT on the proposal for a regulation of the European Parliament and of the Council on applying a generalised scheme of tariff preferences and repealing Regulation (EU) No 978/2012 of the European Parliament and of the Council
191219,2026-04-28 12:48:04,for,"REPORT on general guidelines for the preparation of the 2027 budget, Section III – Commission"
191218,2026-04-28 12:47:53,for,"REPORT on general guidelines for the preparation of the 2027 budget, Section III – Commission"
191209,2026-04-28 12:46:42,for,"REPORT on general guidelines for the preparation of the 2027 budget, Section III – Commission"
191190,2026-04-28 12:43:57,for,"REPORT on general guidelines for the preparation of the 2027 budget, Section III – Commission"
189597,2026-03-26 11:06:44,for,"REPORT on the proposal for a regulation of the European Parliament and of the Council establishing a common system for the return of third-country nationals staying illegally in the Union, and repealing Directive 2008/115/EC of the European Parliament and the Council, Council Directive 2001/40/EC and Council Decision 2004/191/EC"
188921,2026-03-12 12:13:00,for,REPORT on the annual report on the activities of the European Ombudsman in 2024
188909,2026-03-12 12:10:18,for,REPORT on the annual report on the activities of the European Ombudsman in 2024
188907,2026-03-12 12:10:02,against,REPORT on the annual report on the activities of the European Ombudsman in 2024
188619,2026-03-11 13:04:54,against,REPORT on the European Semester for economic policy coordination: employment and social priorities – annual report 2026
187365,2026-03-10 13:52:35,against,"REPORT on the housing crisis in the European Union with the aim of proposing solutions for decent, sustainable and affordable housing"
184873,2026-02-12 12:45:11,against,REPORT on a European Parliament recommendation to the Council concerning the EU priorities for the 70th session of the UN Commission on the Status of Women
184860,2026-02-12 12:43:01,against,REPORT on a European Parliament recommendation to the Council concerning the EU priorities for the 70th session of the UN Commission on the Status of Women
184846,2026-02-12 12:39:33,against,REPORT on a European Parliament recommendation to the Council concerning the EU priorities for the 70th session of the UN Commission on the Status of Women
184845,2026-02-12 12:39:21,against,REPORT on a European Parliament recommendation to the Council concerning the EU priorities for the 70th session of the UN Commission on the Status of Women
184844,2026-02-12 12:39:09,against,REPORT on a European Parliament recommendation to the Council concerning the EU priorities for the 70th session of the UN Commission on the Status of Women
184816,2026-02-12 12:34:41,against,REPORT on a European Parliament recommendation to the Council concerning the EU priorities for the 70th session of the UN Commission on the Status of Women
184798,2026-02-12 12:31:22,against,REPORT on a European Parliament recommendation to the Council concerning the EU priorities for the 70th session of the UN Commission on the Status of Women
184757,2026-02-12 12:28:01,against,REPORT on addressing subcontracting chains and the role of intermediaries in order to protect workers’ rights
184785,2026-02-12 12:24:52,against,REPORT on developing a new EU anti-poverty strategy
184784,2026-02-12 12:24:19,against,REPORT on developing a new EU anti-poverty strategy
184781,2026-02-12 12:23:49,against,REPORT on developing a new EU anti-poverty strategy
184778,2026-02-12 12:23:19,against,REPORT on developing a new EU anti-poverty strategy
184777,2026-02-12 12:23:07,against,REPORT on developing a new EU anti-poverty strategy
184769,2026-02-12 12:21:32,against,REPORT on developing a new EU anti-poverty strategy
184763,2026-02-12 12:20:25,against,REPORT on developing a new EU anti-poverty strategy
184760,2026-02-12 12:19:57,against,REPORT on developing a new EU anti-poverty strategy
185286,2026-02-12 12:16:07,against,"JOINT MOTION FOR A RESOLUTION on the systemic oppression, inhumane conditions and arbitrary detentions by the regime in Iran"
185284,2026-02-12 12:15:43,against,"JOINT MOTION FOR A RESOLUTION on the systemic oppression, inhumane conditions and arbitrary detentions by the regime in Iran"
185283,2026-02-12 12:13:28,for,"JOINT MOTION FOR A RESOLUTION on the systemic oppression, inhumane conditions and arbitrary detentions by the regime in Iran"
184168,2026-02-10 12:58:15,for,REPORT on the proposal for a regulation of the European Parliament and of the Council amending Regulation (EU) 2024/1348 as regards the application of the ‘safe third country’ concept
183890,2026-01-22 12:07:47,for,REPORT on the choice of performance indicators for audit and budgetary control in the context of financing measures to support the implementation of future European competitiveness
183886,2026-01-22 12:06:47,for,REPORT on the choice of performance indicators for audit and budgetary control in the context of financing measures to support the implementation of future European competitiveness
183742,2026-01-21 13:43:37,for,REPORT on human rights and democracy in the world and the European Union’s policy on the matter – annual report 2025
183621,2026-01-21 13:26:30,for,REPORT on the implementation of the common security and defence policy – annual report 2025
183576,2026-01-21 13:20:50,for,REPORT on the implementation of the common security and defence policy – annual report 2025
183568,2026-01-21 13:19:41,for,REPORT on the implementation of the common security and defence policy – annual report 2025
183828,2026-01-21 13:09:06,for,REPORT on the implementation of the common foreign and security policy – annual report 2025
183550,2026-01-20 13:22:05,for,MOTION FOR A RESOLUTION on the murder of Mehdi Kessaci: urgent need for ambitious European action against drug trafficking
183542,2026-01-20 13:20:52,for,MOTION FOR A RESOLUTION on the murder of Mehdi Kessaci: urgent need for ambitious European action against drug trafficking
183541,2026-01-20 13:20:39,for,MOTION FOR A RESOLUTION on the murder of Mehdi Kessaci: urgent need for ambitious European action against drug trafficking
182762,2025-12-17 12:46:37,for,"MOTION FOR A RESOLUTION on the European citizens’ initiative entitled ‘My Voice, My Choice: For Safe and Accessible Abortion’"
182896,2025-12-17 12:22:43,for,REPORT on the proposal for a regulation of the European Parliament and of the Council amending Regulation (EU) 2024/1348 as regards the application of the ‘safe third country’ concept
182685,2025-12-15 17:14:29,for,
182256,2025-11-27 12:34:30,against,JOINT MOTION FOR A RESOLUTION on the political situation in Myanmar including the humanitarian crisis of the Rohingya
182258,2025-11-27 12:28:06,for,JOINT MOTION FOR A RESOLUTION on the escalation of the war and the humanitarian catastrophe in Sudan
181566,2025-11-27 12:27:37,for,REPORT on the application of the Treaty provisions related to the principles of subsidiarity and proportionality and the role of national parliaments in the EU legislative process
182120,2025-11-27 12:26:11,against,REPORT on the application of the Treaty provisions related to the principles of subsidiarity and proportionality and the role of national parliaments in the EU legislative process
181544,2025-11-26 12:41:47,for,REPORT on access to finance for SMEs and scale-ups
181952,2025-11-26 12:41:31,against,REPORT on access to finance for SMEs and scale-ups
181335,2025-11-13 12:24:58,against,REPORT on the Gender Equality Strategy 2025
181334,2025-11-13 12:24:45,against,REPORT on the Gender Equality Strategy 2025
181316,2025-11-13 12:22:18,against,REPORT on the Gender Equality Strategy 2025
181313,2025-11-13 12:21:20,against,REPORT on the Gender Equality Strategy 2025
181294,2025-11-13 12:18:30,against,REPORT on the Gender Equality Strategy 2025
181292,2025-11-13 12:18:12,against,REPORT on the Gender Equality Strategy 2025
181291,2025-11-13 12:18:02,against,REPORT on the Gender Equality Strategy 2025
181288,2025-11-13 12:17:34,against,REPORT on the Gender Equality Strategy 2025
181285,2025-11-13 12:17:12,against,REPORT on the Gender Equality Strategy 2025
181281,2025-11-13 12:16:41,against,REPORT on the Gender Equality Strategy 2025
181278,2025-11-13 12:16:18,against,REPORT on the Gender Equality Strategy 2025
181277,2025-11-13 12:16:07,against,REPORT on the Gender Equality Strategy 2025
181272,2025-11-13 12:15:26,against,REPORT on the Gender Equality Strategy 2025
181264,2025-11-13 12:14:16,against,REPORT on the Gender Equality Strategy 2025
181260,2025-11-13 12:13:18,against,REPORT on the Gender Equality Strategy 2025
181256,2025-11-13 12:12:48,against,REPORT on the Gender Equality Strategy 2025
181234,2025-11-13 12:09:19,against,REPORT on the Gender Equality Strategy 2025
181231,2025-11-13 12:08:56,against,REPORT on the Gender Equality Strategy 2025
181223,2025-11-13 12:07:43,against,REPORT on the Gender Equality Strategy 2025
181222,2025-11-13 12:07:33,against,REPORT on the Gender Equality Strategy 2025
181197,2025-11-13 11:49:31,for,"REPORT on the proposal for a directive of the European Parliament and of the Council amending Directives 2006/43/EC, 2013/34/EU, (EU) 2022/2464 and (EU) 2024/1760 as regards certain corporate sustainability reporting and due diligence requirements"
181192,2025-11-13 11:48:24,for,"REPORT on the proposal for a directive of the European Parliament and of the Council amending Directives 2006/43/EC, 2013/34/EU, (EU) 2022/2464 and (EU) 2024/1760 as regards certain corporate sustainability reporting and due diligence requirements"
181190,2025-11-13 11:47:53,for,"REPORT on the proposal for a directive of the European Parliament and of the Council amending Directives 2006/43/EC, 2013/34/EU, (EU) 2022/2464 and (EU) 2024/1760 as regards certain corporate sustainability reporting and due diligence requirements"
181188,2025-11-13 11:46:46,for,"REPORT on the proposal for a directive of the European Parliament and of the Council amending Directives 2006/43/EC, 2013/34/EU, (EU) 2022/2464 and (EU) 2024/1760 as regards certain corporate sustainability reporting and due diligence requirements"
181186,2025-11-13 11:46:15,for,"REPORT on the proposal for a directive of the European Parliament and of the Council amending Directives 2006/43/EC, 2013/34/EU, (EU) 2022/2464 and (EU) 2024/1760 as regards certain corporate sustainability reporting and due diligence requirements"
181185,2025-11-13 11:45:59,for,"REPORT on the proposal for a directive of the European Parliament and of the Council amending Directives 2006/43/EC, 2013/34/EU, (EU) 2022/2464 and (EU) 2024/1760 as regards certain corporate sustainability reporting and due diligence requirements"
181183,2025-11-13 11:45:19,for,"REPORT on the proposal for a directive of the European Parliament and of the Council amending Directives 2006/43/EC, 2013/34/EU, (EU) 2022/2464 and (EU) 2024/1760 as regards certain corporate sustainability reporting and due diligence requirements"
181181,2025-11-13 11:44:35,for,"REPORT on the proposal for a directive of the European Parliament and of the Council amending Directives 2006/43/EC, 2013/34/EU, (EU) 2022/2464 and (EU) 2024/1760 as regards certain corporate sustainability reporting and due diligence requirements"
181177,2025-11-13 11:43:51,for,"REPORT on the proposal for a directive of the European Parliament and of the Council amending Directives 2006/43/EC, 2013/34/EU, (EU) 2022/2464 and (EU) 2024/1760 as regards certain corporate sustainability reporting and due diligence requirements"
181168,2025-11-13 11:41:29,for,"REPORT on the proposal for a directive of the European Parliament and of the Council amending Directives 2006/43/EC, 2013/34/EU, (EU) 2022/2464 and (EU) 2024/1760 as regards certain corporate sustainability reporting and due diligence requirements"
181167,2025-11-13 11:41:14,against,"REPORT on the proposal for a directive of the European Parliament and of the Council amending Directives 2006/43/EC, 2013/34/EU, (EU) 2022/2464 and (EU) 2024/1760 as regards certain corporate sustainability reporting and due diligence requirements"
181163,2025-11-13 11:40:46,for,"REPORT on the proposal for a directive of the European Parliament and of the Council amending Directives 2006/43/EC, 2013/34/EU, (EU) 2022/2464 and (EU) 2024/1760 as regards certain corporate sustainability reporting and due diligence requirements"
181162,2025-11-13 11:40:31,for,"REPORT on the proposal for a directive of the European Parliament and of the Council amending Directives 2006/43/EC, 2013/34/EU, (EU) 2022/2464 and (EU) 2024/1760 as regards certain corporate sustainability reporting and due diligence requirements"
181152,2025-11-13 11:39:35,for,"REPORT on the proposal for a directive of the European Parliament and of the Council amending Directives 2006/43/EC, 2013/34/EU, (EU) 2022/2464 and (EU) 2024/1760 as regards certain corporate sustainability reporting and due diligence requirements"
181148,2025-11-13 11:38:18,for,"REPORT on the proposal for a directive of the European Parliament and of the Council amending Directives 2006/43/EC, 2013/34/EU, (EU) 2022/2464 and (EU) 2024/1760 as regards certain corporate sustainability reporting and due diligence requirements"
181131,2025-11-13 11:34:38,for,"REPORT on the proposal for a directive of the European Parliament and of the Council amending Directives 2006/43/EC, 2013/34/EU, (EU) 2022/2464 and (EU) 2024/1760 as regards certain corporate sustainability reporting and due diligence requirements"
181119,2025-11-13 11:32:18,for,"REPORT on the proposal for a directive of the European Parliament and of the Council amending Directives 2006/43/EC, 2013/34/EU, (EU) 2022/2464 and (EU) 2024/1760 as regards certain corporate sustainability reporting and due diligence requirements"
181105,2025-11-13 11:29:52,for,"REPORT on the proposal for a directive of the European Parliament and of the Council amending Directives 2006/43/EC, 2013/34/EU, (EU) 2022/2464 and (EU) 2024/1760 as regards certain corporate sustainability reporting and due diligence requirements"
181089,2025-11-13 11:27:13,for,"REPORT on the proposal for a directive of the European Parliament and of the Council amending Directives 2006/43/EC, 2013/34/EU, (EU) 2022/2464 and (EU) 2024/1760 as regards certain corporate sustainability reporting and due diligence requirements"
181086,2025-11-13 11:26:57,for,"REPORT on the proposal for a directive of the European Parliament and of the Council amending Directives 2006/43/EC, 2013/34/EU, (EU) 2022/2464 and (EU) 2024/1760 as regards certain corporate sustainability reporting and due diligence requirements"
181083,2025-11-13 11:26:29,against,"REPORT on the proposal for a directive of the European Parliament and of the Council amending Directives 2006/43/EC, 2013/34/EU, (EU) 2022/2464 and (EU) 2024/1760 as regards certain corporate sustainability reporting and due diligence requirements"
181075,2025-11-13 11:25:21,for,"REPORT on the proposal for a directive of the European Parliament and of the Council amending Directives 2006/43/EC, 2013/34/EU, (EU) 2022/2464 and (EU) 2024/1760 as regards certain corporate sustainability reporting and due diligence requirements"
181071,2025-11-13 11:24:39,for,"REPORT on the proposal for a directive of the European Parliament and of the Council amending Directives 2006/43/EC, 2013/34/EU, (EU) 2022/2464 and (EU) 2024/1760 as regards certain corporate sustainability reporting and due diligence requirements"
181068,2025-11-13 11:23:54,for,"REPORT on the proposal for a directive of the European Parliament and of the Council amending Directives 2006/43/EC, 2013/34/EU, (EU) 2022/2464 and (EU) 2024/1760 as regards certain corporate sustainability reporting and due diligence requirements"
181065,2025-11-13 11:23:16,for,"REPORT on the proposal for a directive of the European Parliament and of the Council amending Directives 2006/43/EC, 2013/34/EU, (EU) 2022/2464 and (EU) 2024/1760 as regards certain corporate sustainability reporting and due diligence requirements"
181055,2025-11-13 11:20:19,for,"REPORT on the proposal for a directive of the European Parliament and of the Council amending Directives 2006/43/EC, 2013/34/EU, (EU) 2022/2464 and (EU) 2024/1760 as regards certain corporate sustainability reporting and due diligence requirements"
181047,2025-11-13 11:18:12,for,"REPORT on the proposal for a directive of the European Parliament and of the Council amending Directives 2006/43/EC, 2013/34/EU, (EU) 2022/2464 and (EU) 2024/1760 as regards certain corporate sustainability reporting and due diligence requirements"
181038,2025-11-13 11:16:18,for,"REPORT on the proposal for a directive of the European Parliament and of the Council amending Directives 2006/43/EC, 2013/34/EU, (EU) 2022/2464 and (EU) 2024/1760 as regards certain corporate sustainability reporting and due diligence requirements"
181034,2025-11-13 11:15:29,for,"REPORT on the proposal for a directive of the European Parliament and of the Council amending Directives 2006/43/EC, 2013/34/EU, (EU) 2022/2464 and (EU) 2024/1760 as regards certain corporate sustainability reporting and due diligence requirements"
181022,2025-11-13 11:13:23,for,"REPORT on the proposal for a directive of the European Parliament and of the Council amending Directives 2006/43/EC, 2013/34/EU, (EU) 2022/2464 and (EU) 2024/1760 as regards certain corporate sustainability reporting and due diligence requirements"
181016,2025-11-13 11:12:11,for,"REPORT on the proposal for a directive of the European Parliament and of the Council amending Directives 2006/43/EC, 2013/34/EU, (EU) 2022/2464 and (EU) 2024/1760 as regards certain corporate sustainability reporting and due diligence requirements"
181010,2025-11-13 11:11:11,for,"REPORT on the proposal for a directive of the European Parliament and of the Council amending Directives 2006/43/EC, 2013/34/EU, (EU) 2022/2464 and (EU) 2024/1760 as regards certain corporate sustainability reporting and due diligence requirements"
181007,2025-11-13 11:10:32,for,"REPORT on the proposal for a directive of the European Parliament and of the Council amending Directives 2006/43/EC, 2013/34/EU, (EU) 2022/2464 and (EU) 2024/1760 as regards certain corporate sustainability reporting and due diligence requirements"
181201,2025-11-13 10:47:42,for,REPORT on addressing transnational repression of human rights defenders
180593,2025-10-23 12:17:43,for,JOINT MOTION FOR A RESOLUTION on renewing the EU-Africa partnership: building common priorities ahead of the Angola Summit
180575,2025-10-23 12:14:35,for,JOINT MOTION FOR A RESOLUTION on renewing the EU-Africa partnership: building common priorities ahead of the Angola Summit
180560,2025-10-23 12:13:25,for,JOINT MOTION FOR A RESOLUTION on renewing the EU-Africa partnership: building common priorities ahead of the Angola Summit
180532,2025-10-23 12:10:43,for,JOINT MOTION FOR A RESOLUTION on renewing the EU-Africa partnership: building common priorities ahead of the Angola Summit
180530,2025-10-23 12:10:17,for,JOINT MOTION FOR A RESOLUTION on renewing the EU-Africa partnership: building common priorities ahead of the Angola Summit
180144,2025-10-22 13:51:26,against,REPORT on the Council position on the draft general budget of the European Union for the financial year 2026
179512,2025-10-08 12:46:14,against,"REPORT on the proposal for a regulation of the European Parliament and of the Council amending Regulations (EU) No 1308/2013, (EU) 2021/2115 and (EU) 2021/2116 as regards the strengthening of the position of farmers in the food supply chain"
179544,2025-10-08 12:41:54,for,"REPORT on the proposal for a regulation of the European Parliament and of the Council amending Regulation (EU) 2021/2115 as regards the conditionality system, types of intervention in the form of direct payment, types of intervention in certain sectors and rural development and annual performance reports and Regulation (EU) 2021/2116 as regards data and interoperability governance, suspensions of payments annual performance clearance and controls and penalties"
179539,2025-10-08 12:41:21,for,"REPORT on the proposal for a regulation of the European Parliament and of the Council amending Regulation (EU) 2021/2115 as regards the conditionality system, types of intervention in the form of direct payment, types of intervention in certain sectors and rural development and annual performance reports and Regulation (EU) 2021/2116 as regards data and interoperability governance, suspensions of payments annual performance clearance and controls and penalties"
179035,2025-09-11 12:33:06,for,"JOINT MOTION FOR A RESOLUTION on Gaza at breaking point: EU action to combat famine, the urgent need to release hostages and move towards a two-state solution"
179028,2025-09-11 12:31:53,for,"JOINT MOTION FOR A RESOLUTION on Gaza at breaking point: EU action to combat famine, the urgent need to release hostages and move towards a two-state solution"
178243,2025-07-10 12:09:14,for,JOINT MOTION FOR A RESOLUTION on the urgent need to protect religious minorities in Syria following the recent terrorist attack on Mar Elias Church in Damascus
178238,2025-07-10 12:08:19,against,JOINT MOTION FOR A RESOLUTION on the urgent need to protect religious minorities in Syria following the recent terrorist attack on Mar Elias Church in Damascus
178236,2025-07-10 12:07:36,for,JOINT MOTION FOR A RESOLUTION on the urgent need to protect religious minorities in Syria following the recent terrorist attack on Mar Elias Church in Damascus
178099,2025-07-09 12:55:39,against,REPORT on implementation and delivery of the Sustainable Development Goals in view of the 2025 High-Level Political Forum
177997,2025-07-09 12:32:44,for,REPORT on the 2023 and 2024 Commission reports on Albania
177996,2025-07-09 12:32:32,for,REPORT on the 2023 and 2024 Commission reports on Albania
177993,2025-07-09 12:31:55,for,REPORT on the 2023 and 2024 Commission reports on Albania
177992,2025-07-09 12:31:27,for,REPORT on the 2023 and 2024 Commission reports on Albania
177991,2025-07-09 12:31:14,for,REPORT on the 2023 and 2024 Commission reports on Albania
178008,2025-07-09 12:18:36,for,"MOTION FOR A RESOLUTION on the draft Commission regulation on Commission Implementing Regulation (EU) 2025/1093 of 22 May 2025 laying down rules for the application of Regulation (EU) 2023/1115 of the European Parliament and of the Council as regards a list of countries that present a low or high risk of producing relevant commodities for which the relevant products do not comply with Article 3, point (a)"
178111,2025-07-09 12:12:31,against,
178108,2025-07-08 13:00:42,against,MOTION FOR A RESOLUTION on preserving the memory of the victims of the post-war communist period in Slovenia
177838,2025-07-08 12:40:08,against,"REPORT containing a motion for a non-legislative resolution on the proposal for a Council decision on the conclusion, on behalf of the European Union, of the Implementing Protocol (2025-2030) to the Sustainable Fisheries Partnership Agreement between the European Union and the Government of Greenland and the Government of Denmark"
177836,2025-07-08 12:39:43,against,"REPORT containing a motion for a non-legislative resolution on the proposal for a Council decision on the conclusion, on behalf of the European Union, of the Implementing Protocol (2025-2030) to the Sustainable Fisheries Partnership Agreement between the European Union and the Government of Greenland and the Government of Denmark"
177615,2025-06-19 12:06:38,for,JOINT MOTION FOR A RESOLUTION on the dissolution of political parties and the crackdown on the opposition in Mali
177608,2025-06-19 12:04:04,for,JOINT MOTION FOR A RESOLUTION on the dissolution of political parties and the crackdown on the opposition in Mali
177353,2025-06-18 12:26:31,against,REPORT on the 2023 and 2024 Commission reports on Montenegro
177221,2025-06-18 12:24:13,against,REPORT on the Commission’s 2024 Rule of Law Report
177178,2025-06-18 12:18:45,against,REPORT on the Commission’s 2024 Rule of Law Report
177055,2025-06-17 12:56:02,against,REPORT on financing for development – ahead of the Fourth International Conference on Financing for Development in Seville
177054,2025-06-17 12:55:47,against,REPORT on financing for development – ahead of the Fourth International Conference on Financing for Development in Seville
177053,2025-06-17 12:55:35,against,REPORT on financing for development – ahead of the Fourth International Conference on Financing for Development in Seville
177050,2025-06-17 12:55:09,against,REPORT on financing for development – ahead of the Fourth International Conference on Financing for Development in Seville
177047,2025-06-17 12:54:41,against,REPORT on financing for development – ahead of the Fourth International Conference on Financing for Development in Seville
177044,2025-06-17 12:54:03,against,REPORT on financing for development – ahead of the Fourth International Conference on Financing for Development in Seville
177042,2025-06-17 12:53:36,against,REPORT on financing for development – ahead of the Fourth International Conference on Financing for Development in Seville
177041,2025-06-17 12:53:23,against,REPORT on financing for development – ahead of the Fourth International Conference on Financing for Development in Seville
177039,2025-06-17 12:52:56,against,REPORT on financing for development – ahead of the Fourth International Conference on Financing for Development in Seville
177038,2025-06-17 12:52:42,against,REPORT on financing for development – ahead of the Fourth International Conference on Financing for Development in Seville
176936,2025-05-22 11:35:06,for,REPORT on the deliberations of the Committee on Petitions in 2023
176924,2025-05-22 11:31:55,for,REPORT on the deliberations of the Committee on Petitions in 2023
176923,2025-05-22 11:31:30,against,REPORT on the deliberations of the Committee on Petitions in 2023
176915,2025-05-22 11:28:40,against,REPORT on the deliberations of the Committee on Petitions in 2023
176914,2025-05-22 11:28:03,for,REPORT on the deliberations of the Committee on Petitions in 2023
176903,2025-05-22 11:23:56,against,REPORT on the deliberations of the Committee on Petitions in 2023
176268,2025-05-08 12:54:23,for,MOTION FOR A RESOLUTION on the old challenges and new commercial practices in the internal market
175989,2025-05-07 13:23:32,for,REPORT on the 2023 and 2024 Commission reports on Türkiye
175885,2025-05-07 13:05:38,for,REPORT on discharge in respect of the implementation of the budget of the European Union Agencies for the financial year 2023
175688,2025-05-07 12:50:27,against,"REPORT on discharge in respect of the implementation of the general budget of the European Union for the financial year 2023, Section X – European External Action Service"
175679,2025-05-07 12:43:35,for,"REPORT on discharge in respect of the implementation of the general budget of the European Union for the financial year 2023, Section IV – Court of Justice"
175939,2025-05-07 12:42:37,against,"REPORT on discharge in respect of the implementation of the general budget of the European Union for the financial year 2023, Section II – European Council and Council"
175936,2025-05-07 12:42:06,against,"REPORT on discharge in respect of the implementation of the general budget of the European Union for the financial year 2023, Section II – European Council and Council"
175935,2025-05-07 12:41:54,against,"REPORT on discharge in respect of the implementation of the general budget of the European Union for the financial year 2023, Section II – European Council and Council"
175934,2025-05-07 12:41:44,against,"REPORT on discharge in respect of the implementation of the general budget of the European Union for the financial year 2023, Section II – European Council and Council"
175933,2025-05-07 12:41:35,against,"REPORT on discharge in respect of the implementation of the general budget of the European Union for the financial year 2023, Section II – European Council and Council"
175853,2025-05-07 12:39:32,against,"REPORT on discharge in respect of the implementation of the general budget of the European Union for the financial year 2023, Section III – Commission, executive agencies and the ninth, tenth and eleventh European Development Funds"
175803,2025-05-07 12:32:00,against,"REPORT on discharge in respect of the implementation of the general budget of the European Union for the financial year 2023, Section III – Commission, executive agencies and the ninth, tenth and eleventh European Development Funds"
176090,2025-05-07 12:23:04,for,
175044,2025-05-06 12:25:58,for,REPORT on the control of the financial activities of the European Investment Bank – annual report 2023
174691,2025-04-03 12:34:28,for,MOTION FOR A RESOLUTION on energy-intensive industries
174976,2025-04-03 12:22:19,for,JOINT MOTION FOR A RESOLUTION on the execution spree in Iran and confirmation of the death sentences of activists Behrouz Ehsani and Mehdi Hassani
174949,2025-04-03 12:20:13,against,REPORT on Parliament’s estimates of revenue and expenditure for the financial year 2026
174775,2025-04-02 13:17:55,for,REPORT on the implementation of the common security and defence policy – annual report 2024
174769,2025-04-02 13:17:14,for,REPORT on the implementation of the common security and defence policy – annual report 2024
174747,2025-04-02 13:13:21,for,REPORT on the implementation of the common security and defence policy – annual report 2024
174454,2025-04-02 12:55:04,against,REPORT on the implementation of the common foreign and security policy – 2024 annual report
174378,2025-04-02 12:41:28,against,REPORT on the implementation of the common foreign and security policy – 2024 annual report
174627,2025-04-02 12:21:21,against,"REPORT on general guidelines for the preparation of the 2026 budget, Section III – Commission"
174621,2025-04-02 12:19:56,for,"REPORT on general guidelines for the preparation of the 2026 budget, Section III – Commission"
174620,2025-04-02 12:19:45,for,"REPORT on general guidelines for the preparation of the 2026 budget, Section III – Commission"
174613,2025-04-02 12:18:23,for,"REPORT on general guidelines for the preparation of the 2026 budget, Section III – Commission"
174607,2025-04-02 12:17:33,against,"REPORT on general guidelines for the preparation of the 2026 budget, Section III – Commission"
174589,2025-04-02 12:12:58,for,"REPORT on general guidelines for the preparation of the 2026 budget, Section III – Commission"
174336,2025-04-01 12:25:20,against,REPORT on the proposal for a decision of the European Parliament and of the Council on providing macro-financial assistance to the Arab Republic of Egypt
174335,2025-04-01 12:25:08,against,REPORT on the proposal for a decision of the European Parliament and of the Council on providing macro-financial assistance to the Arab Republic of Egypt
174330,2025-04-01 12:23:29,against,REPORT on the proposal for a decision of the European Parliament and of the Council on providing macro-financial assistance to the Arab Republic of Egypt
174325,2025-04-01 12:22:30,against,REPORT on the proposal for a decision of the European Parliament and of the Council on providing macro-financial assistance to the Arab Republic of Egypt
174324,2025-04-01 12:22:19,against,REPORT on the proposal for a decision of the European Parliament and of the Council on providing macro-financial assistance to the Arab Republic of Egypt
174323,2025-04-01 12:21:51,against,REPORT on the proposal for a decision of the European Parliament and of the Council on providing macro-financial assistance to the Arab Republic of Egypt
174318,2025-04-01 12:21:03,against,REPORT on the proposal for a decision of the European Parliament and of the Council on providing macro-financial assistance to the Arab Republic of Egypt
174315,2025-04-01 12:20:24,against,REPORT on the proposal for a decision of the European Parliament and of the Council on providing macro-financial assistance to the Arab Republic of Egypt
172564,2025-03-12 13:23:04,against,JOINT MOTION FOR A RESOLUTION on the need for EU support towards a just transition and reconstruction in Syria
172249,2025-03-12 12:18:50,against,REPORT on the European Semester for economic policy coordination: employment and social priorities for 2025
171892,2025-02-13 12:40:47,for,"JOINT MOTION FOR A RESOLUTION on continuing detention and risk of the death penalty for individuals in Nigeria charged with blasphemy, notably the case of Yahaya Sharif-Aminu"
171745,2025-02-11 12:48:59,against,REPORT on European Central Bank – annual report 2024
171727,2025-02-11 12:45:47,against,REPORT on European Central Bank – annual report 2024
171327,2024-12-19 12:17:16,against,REPORT on a European Parliament recommendation to the Council concerning the EU priorities for the 69th session of the UN Commission on the Status of Women
171324,2024-12-19 12:16:46,against,REPORT on a European Parliament recommendation to the Council concerning the EU priorities for the 69th session of the UN Commission on the Status of Women
171316,2024-12-19 12:15:30,against,REPORT on a European Parliament recommendation to the Council concerning the EU priorities for the 69th session of the UN Commission on the Status of Women
171315,2024-12-19 12:15:14,against,REPORT on a European Parliament recommendation to the Council concerning the EU priorities for the 69th session of the UN Commission on the Status of Women
170755,2024-11-28 12:33:11,for,JOINT MOTION FOR A RESOLUTION on the Council’s recommendation on smoke- and aerosol-free environments
170736,2024-11-28 12:29:20,for,JOINT MOTION FOR A RESOLUTION on the Council’s recommendation on smoke- and aerosol-free environments
170733,2024-11-28 12:28:52,for,JOINT MOTION FOR A RESOLUTION on the Council’s recommendation on smoke- and aerosol-free environments
170727,2024-11-28 12:28:02,for,JOINT MOTION FOR A RESOLUTION on the Council’s recommendation on smoke- and aerosol-free environments
170503,2024-11-14 11:33:14,against,"MOTION FOR A RESOLUTION on the UN Climate Change Conference 2024 in Baku, Azerbaijan (COP29)"
170475,2024-11-14 11:18:39,for,
170474,2024-11-14 11:17:48,for,
170473,2024-11-14 11:17:08,for,
170472,2024-11-14 11:15:34,for,
170470,2024-11-14 11:13:23,for,
170469,2024-11-14 11:10:52,for,
170468,2024-11-14 11:10:35,for,
170467,2024-11-14 11:10:20,for,
170466,2024-11-14 11:10:00,for,
170205,2024-10-23 12:41:54,against,
170196,2024-10-23 12:40:31,against,
170195,2024-10-23 12:40:16,against,
170193,2024-10-23 12:39:52,against,
170166,2024-10-23 12:35:23,for,
170163,2024-10-23 12:34:47,for,
170158,2024-10-23 12:33:58,for,
170136,2024-10-23 12:31:29,for,
169586,2024-09-19 12:40:22,for,"Resolution on the devastating floods in central and eastern Europe, the loss of lives and the EU’s preparedness to act on such disasters exacerbated by climate change"
169543,2024-09-19 12:10:32,for,Resolution on the severe situation of political prisoners in Belarus